Ticket;Setor de Atuação;Subsetor de Atuação;Segmento de Atuação
ALOS3;Financeiro e Outros;Exploração de Imóveis;Exploração de Imóveis
ABEV3;Consumo não Cíclico;Bebidas;Cervejas e Refrigerantes
ANIM3;Consumo Cíclico;Diversos;Serviços Educacionais
ASAI3;Consumo não Cíclico;Comércio e Distribuição;Alimentos
AURE3;Utilidade Pública;Energia Elétrica;Energia Elétrica
AXIA3;Utilidade Pública;Energia Elétrica;Energia Elétrica
AXIA6;Utilidade Pública;Energia Elétrica;Energia Elétrica
AZZA3;Consumo Cíclico;Comércio;Tecidos. Vestuário e Calçados
B3SA3;Financeiro e Outros;Serviços Financeiros Diversos;Serviços Financeiros Diversos
BBSE3;Financeiro e Outros;Previdência e Seguros;Seguradoras
BBDC3;Financeiro e Outros;Intermediários Financeiros;Bancos
BBDC4;Financeiro e Outros;Intermediários Financeiros;Bancos
BRAP4;Materiais Básicos;Mineração;Minerais Metálicos
BBAS3;Financeiro e Outros;Intermediários Financeiros;Bancos
BRKM5;Materiais Básicos;Químicos;Petroquímicos
BRAV3;Petróleo. Gás e Biocombustíveis;Petróleo. Gás e Biocombustíveis;Exploração. Refino e Distribuição
BPAC11;Financeiro e Outros;Intermediários Financeiros;Bancos
CXSE3;Financeiro e Outros;Previdência e Seguros;Corretoras de Seguros
BHIA3;Consumo Cíclico;Comércio;Eletrodomésticos
CBAV3;Materiais Básicos;Mineração;Minerais Metálicos
CEAB3;Consumo Cíclico;Comércio;Tecidos. Vestuário e Calçados
CMIG4;Utilidade Pública;Energia Elétrica;Energia Elétrica
COGN3;Consumo Cíclico;Diversos;Serviços Educacionais
CSMG3;Utilidade Pública;Água e Saneamento;Água e Saneamento
CPLE3;Utilidade Pública;Energia Elétrica;Energia Elétrica
CSAN3;Petróleo. Gás e Biocombustíveis;Petróleo. Gás e Biocombustíveis;Exploração. Refino e Distribuição
CPFE3;Utilidade Pública;Energia Elétrica;Energia Elétrica
CMIN3;Materiais Básicos;Mineração;Minerais Metálicos
CURY3;Consumo Cíclico;Construção Civil;Incorporações
CVCB3;Consumo Cíclico;Viagens e Lazer;Viagens e Turismo
CYRE3;Consumo Cíclico;Construção Civil;Incorporações
CYRE4;Consumo Cíclico;Construção Civil;Incorporações
DIRR3;Consumo Cíclico;Construção Civil;Incorporações
ECOR3;Bens Industriais;Transporte;Exploração de Rodovias
EMBJ3;Bens Industriais;Material de Transporte;Material Aeronáutico e de Defesa
ENGI11;Utilidade Pública;Energia Elétrica;Energia Elétrica
ENEV3;Utilidade Pública;Energia Elétrica;Energia Elétrica
EGIE3;Utilidade Pública;Energia Elétrica;Energia Elétrica
EQTL3;Utilidade Pública;Energia Elétrica;Energia Elétrica
EZTC3;Consumo Cíclico;Construção Civil;Incorporações
FLRY3;Saúde;Serv.Méd.Hospit..Análises e Diagnósticos;Serv.Méd.Hospit..Análises e Diagnósticos
GGBR4;Materiais Básicos;Siderurgia e Metalurgia;Siderurgia
GOAU4;Materiais Básicos;Siderurgia e Metalurgia;Siderurgia
GGPS3;Bens Industriais;Transporte;Logística
GMAT3;Consumo não Cíclico;Comércio e Distribuição;Alimentos
HAPV3;Saúde;Serv.Méd.Hospit..Análises e Diagnósticos;Serv.Méd.Hospit..Análises e Diagnósticos
HYPE3;Saúde;Comércio e Distribuição;Medicamentos e Outros Produtos
IGTI11;Financeiro e Outros;Exploração de Imóveis;Exploração de Imóveis
INTB3;Tecnologia da Informação;Computadores e Equipamentos;Computadores e Equipamentos
IRBR3;Financeiro e Outros;Previdência e Seguros;Seguradoras
ISAE4;Utilidade Pública;Energia Elétrica;Energia Elétrica
ITSA4;Financeiro e Outros;Intermediários Financeiros;Bancos
ITUB4;Financeiro e Outros;Intermediários Financeiros;Bancos
KLBN11;Materiais Básicos;Madeira e Papel;Papel e Celulose
RENT3;Consumo Cíclico;Diversos;Aluguel de carros
LREN3;Consumo Cíclico;Comércio;Tecidos. Vestuário e Calçados
LWSA3;Tecnologia da Informação;Programas e Serviços;Programas e Serviços
MGLU3;Consumo Cíclico;Comércio;Eletrodomésticos
POMO4;Bens Industriais;Material de Transporte;Material Rodoviário
MBRF3;Consumo não Cíclico;Alimentos Processados;Carnes e Derivados
BEEF3;Consumo não Cíclico;Alimentos Processados;Carnes e Derivados
MOTV3;Bens Industriais;Transporte;Exploração de Rodovias
MOVI3;Consumo Cíclico;Diversos;Aluguel de carros
MRVE3;Consumo Cíclico;Construção Civil;Incorporações
MULT3;Financeiro e Outros;Exploração de Imóveis;Exploração de Imóveis
NATU3;Consumo não Cíclico;Produtos de Uso Pessoal e de Limpeza;Produtos de Uso Pessoal
NEOE3;Utilidade Pública;Energia Elétrica;Energia Elétrica
PCAR3;Consumo não Cíclico;Comércio e Distribuição;Alimentos
PETR3;Petróleo. Gás e Biocombustíveis;Petróleo. Gás e Biocombustíveis;Exploração. Refino e Distribuição
PETR4;Petróleo. Gás e Biocombustíveis;Petróleo. Gás e Biocombustíveis;Exploração. Refino e Distribuição
RECV3;Petróleo. Gás e Biocombustíveis;Petróleo. Gás e Biocombustíveis;Exploração. Refino e Distribuição
PRIO3;Petróleo. Gás e Biocombustíveis;Petróleo. Gás e Biocombustíveis;Exploração. Refino e Distribuição
PSSA3;Financeiro e Outros;Previdência e Seguros;Seguradoras
RADL3;Saúde;Comércio e Distribuição;Medicamentos e Outros Produtos
RAIZ4;Petróleo. Gás e Biocombustíveis;Petróleo. Gás e Biocombustíveis;Exploração. Refino e Distribuição
RAPT4;Bens Industriais;Material de Transporte;Material Rodoviário
RDOR3;Saúde;Serv.Méd.Hospit..Análises e Diagnósticos;Serv.Méd.Hospit..Análises e Diagnósticos
RAIL3;Bens Industriais;Transporte;Transporte Ferroviário
SBSP3;Utilidade Pública;Água e Saneamento;Água e Saneamento
SAPR11;Utilidade Pública;Água e Saneamento;Água e Saneamento
SANB11;Financeiro e Outros;Intermediários Financeiros;Bancos
SMTO3;Consumo não Cíclico;Alimentos Processados;Açucar e Alcool
CSNA3;Materiais Básicos;Siderurgia e Metalurgia;Siderurgia
SIMH3;Financeiro e Outros;Holdings Diversificadas;Holdings Diversificadas
SLCE3;Consumo não Cíclico;Agropecuária;Agricultura
SMFT3;Consumo Cíclico;Viagens e Lazer;Atividades Esportivas
SUZB3;Materiais Básicos;Madeira e Papel;Papel e Celulose
TAEE11;Utilidade Pública;Energia Elétrica;Energia Elétrica
VIVT3;Comunicações;Telecomunicações;Telecomunicações
TEND3;Consumo Cíclico;Construção Civil;Incorporações
TIMS3;Comunicações;Telecomunicações;Telecomunicações
TOTS3;Tecnologia da Informação;Programas e Serviços;Programas e Serviços
UGPA3;Petróleo. Gás e Biocombustíveis;Petróleo. Gás e Biocombustíveis;Exploração. Refino e Distribuição
USIM5;Materiais Básicos;Siderurgia e Metalurgia;Siderurgia
VALE3;Materiais Básicos;Mineração;Minerais Metálicos
VAMO3;Bens Industriais;Máquinas e Equipamentos;Máq. e Equip. Construção e Agrícolas
VBBR3;Petróleo. Gás e Biocombustíveis;Petróleo. Gás e Biocombustíveis;Exploração. Refino e Distribuição
VIVA3;Consumo Cíclico;Tecidos. Vestuário e Calçados;Acessórios
WEGE3;Bens Industriais;Máquinas e Equipamentos;Motores . Compressores e Outros
YDUQ3;Consumo Cíclico;Diversos;Serviços Educacionais
